{
    "02-12": {
        "accelerometer": {
            "accuracy": null,
            "avg": {
                "precision": 0.6115782518097163,
                "recall": 0.7695935244909845,
                "f1-score": 0.6153826075237753,
                "support": 54940.0
            },
            "weighted": {
                "precision": 0.8277177874555127,
                "recall": 0.6137604659628686,
                "f1-score": 0.6503976357244252,
                "support": 54940.0
            }
        },
        "tilt_switch": {
            "accuracy": null,
            "avg": {
                "precision": 0.7573161818236617,
                "recall": 0.843165634996498,
                "f1-score": 0.782632043681831,
                "support": 54940.0
            },
            "weighted": {
                "precision": 0.9509368235795711,
                "recall": 0.9305060065526028,
                "f1-score": 0.9386980748768774,
                "support": 54940.0
            }
        },
        "mixed": {
            "accuracy": null,
            "avg": {
                "precision": 0.6920778336248915,
                "recall": 0.6594121691076161,
                "f1-score": 0.47295381798343916,
                "support": 16563.0
            },
            "weighted": {
                "precision": 0.817798735281446,
                "recall": 0.7451548632494114,
                "f1-score": 0.6875870435465039,
                "support": 16563.0
            }
        }
    },
    "04-11": {
        "accelerometer": {
            "accuracy": null,
            "avg": {
                "precision": 0.8489092048475045,
                "recall": 0.8663179323697826,
                "f1-score": 0.8489052533830767,
                "support": 13751.0
            },
            "weighted": {
                "precision": 0.912930486648883,
                "recall": 0.9046614791651516,
                "f1-score": 0.903820811075397,
                "support": 13751.0
            }
        },
        "tilt_switch": {
            "accuracy": null,
            "avg": {
                "precision": 0.7173729991705325,
                "recall": 0.738871866430923,
                "f1-score": 0.6693968388515171,
                "support": 13751.0
            },
            "weighted": {
                "precision": 0.7823083863201444,
                "recall": 0.7326739873463748,
                "f1-score": 0.7039164027572312,
                "support": 13751.0
            }
        },
        "mixed": {
            "accuracy": null,
            "avg": {
                "precision": 0.5419994042755961,
                "recall": 0.6303083776390083,
                "f1-score": 0.5390516028475946,
                "support": 2591.0
            },
            "weighted": {
                "precision": 0.8297840878214439,
                "recall": 0.7124662292551138,
                "f1-score": 0.7331247364416268,
                "support": 2591.0
            }
        }
    },
    "07-10": {
        "accelerometer": {
            "accuracy": 0.6791107382550335,
            "avg": {
                "precision": 0.6082718880283272,
                "recall": 0.7567644366273889,
                "f1-score": 0.6371962868187862,
                "support": 14304.0
            },
            "weighted": {
                "precision": 0.8274335922641161,
                "recall": 0.6791107382550335,
                "f1-score": 0.7218945851892522,
                "support": 14304.0
            }
        },
        "tilt_switch": {
            "accuracy": 0.8712947427293065,
            "avg": {
                "precision": 0.680870193307961,
                "recall": 0.7928834535826633,
                "f1-score": 0.6889286388710465,
                "support": 14304.0
            },
            "weighted": {
                "precision": 0.9148052129173947,
                "recall": 0.8712947427293065,
                "f1-score": 0.8804953681307445,
                "support": 14304.0
            }
        },
        "mixed": {
            "accuracy": 0.9028058134840533,
            "avg": {
                "precision": 0.687577188999189,
                "recall": 0.8847712168399656,
                "f1-score": 0.7427835061709449,
                "support": 9908.0
            },
            "weighted": {
                "precision": 0.9174622605381452,
                "recall": 0.9028058134840533,
                "f1-score": 0.9081082021567727,
                "support": 9908.0
            }
        }
    },
    "08-10": {
        "accelerometer": {
            "accuracy": null,
            "avg": {
                "precision": 0.6554128727275674,
                "recall": 0.750107487158371,
                "f1-score": 0.6393441742651528,
                "support": 32776.0
            },
            "weighted": {
                "precision": 0.7774382042653336,
                "recall": 0.5945508908957774,
                "f1-score": 0.6100530934376999,
                "support": 32776.0
            }
        },
        "tilt_switch": {
            "accuracy": null,
            "avg": {
                "precision": 0.3144977855030808,
                "recall": 0.5274240259965731,
                "f1-score": 0.34355352982763065,
                "support": 32776.0
            },
            "weighted": {
                "precision": 0.37190672672841807,
                "recall": 0.361972174762021,
                "f1-score": 0.3578332837756267,
                "support": 32776.0
            }
        },
        "mixed": {
            "accuracy": null,
            "avg": {
                "precision": 0.5870648054005705,
                "recall": 0.8501830640049738,
                "f1-score": 0.6378043247797741,
                "support": 24225.0
            },
            "weighted": {
                "precision": 0.8689268315303832,
                "recall": 0.7206604747162023,
                "f1-score": 0.7556310220752067,
                "support": 24225.0
            }
        }
    },
    "09-10": {
        "accelerometer": {
            "accuracy": null,
            "avg": {
                "precision": 0.6045867653631932,
                "recall": 0.6495873417563026,
                "f1-score": 0.6082388938146547,
                "support": 6236.0
            },
            "weighted": {
                "precision": 0.5946609071030937,
                "recall": 0.6281270044900578,
                "f1-score": 0.5957200385591777,
                "support": 6236.0
            }
        },
        "tilt_switch": {
            "accuracy": null,
            "avg": {
                "precision": 0.46886409584831984,
                "recall": 0.5146993119741307,
                "f1-score": 0.46459830112882655,
                "support": 6236.0
            },
            "weighted": {
                "precision": 0.9246134401846534,
                "recall": 0.7285118665811418,
                "f1-score": 0.8030435075725183,
                "support": 6236.0
            }
        },
        "mixed": {
            "accuracy": null,
            "avg": {
                "precision": 0.4215860318672782,
                "recall": 0.5447783397798275,
                "f1-score": 0.4193053869920271,
                "support": 3695.0
            },
            "weighted": {
                "precision": 0.8586912461271226,
                "recall": 0.6219215155615697,
                "f1-score": 0.7079267517563457,
                "support": 3695.0
            }
        }
    },
    "10-10": {
        "accelerometer": {
            "accuracy": 0.7515986227250369,
            "avg": {
                "precision": 0.7012216582715635,
                "recall": 0.5926456244653462,
                "f1-score": 0.6183040270984935,
                "support": 2033.0
            },
            "weighted": {
                "precision": 0.7426624126213796,