{
    "02-12": {
        "tilt_switch": {
            "accuracy": null,
            "avg": {
                "precision": 0.7900427703903099,
                "recall": 0.8468537062393976,
                "f1-score": 0.8113765931526972,
                "support": 54940.0
            },
            "weighted": {
                "precision": 0.944858884110015,
                "recall": 0.9335092828540226,
                "f1-score": 0.9381525221701273,
                "support": 54940.0
            }
        }
    },
    "04-11": {
        "tilt_switch": {
            "accuracy": null,
            "avg": {
                "precision": 0.7352363167463666,
                "recall": 0.739409120083332,
                "f1-score": 0.692329784650394,
                "support": 13751.0
            },
            "weighted": {
                "precision": 0.7755470748356045,
                "recall": 0.7483819358592102,
                "f1-score": 0.7192495328779667,
                "support": 13751.0
            }
        }
    },
    "07-10": {
        "tilt_switch": {
            "accuracy": 0.8718540268456376,
            "avg": {
                "precision": 0.6905082540357861,
                "recall": 0.7804414348230414,
                "f1-score": 0.7000150609670412,
                "support": 14304.0
            },
            "weighted": {
                "precision": 0.9100295603121595,
                "recall": 0.8718540268456376,
                "f1-score": 0.8792346315679843,
                "support": 14304.0
            }
        }
    },
    "08-10": {
        "tilt_switch": {
            "accuracy": null,
            "avg": {
                "precision": 0.3344753355795742,
                "recall": 0.5296189265596328,
                "f1-score": 0.36998408226192897,
                "support": 32776.0
            },
            "weighted": {
                "precision": 0.37174293361834454,
                "recall": 0.36694532584818157,
                "f1-score": 0.3599194686953132,
                "support": 32776.0
            }
        }
    },
    "09-10": {
        "tilt_switch": {
            "accuracy": null,
            "avg": {
                "precision": 0.4989293914299719,
                "recall": 0.5152262709452252,
                "f1-score": 0.4914663835176168,
                "support": 6236.0
            },
            "weighted": {
                "precision": 0.9165695382358008,
                "recall": 0.7408595253367544,
                "f1-score": 0.8106102698737169,
                "support": 6236.0
            }
        }
    },
    "10-10": {
        "tilt_switch": {
            "accuracy": 0.719626168224299,
            "avg": {
                "precision": 0.370786550776882,
                "recall": 0.5264186184637266,
                "f1-score": 0.3919139264572968,
                "support": 2033.0
            },
            "weighted": {
                "precision": 0.7718986788691139,
                "recall": 0.719626168224299,
                "f1-score": 0.7380222082080024,
                "support": 2033.0
            }
        }
    },
    "25-11": {
        "tilt_switch": {
            "accuracy": null,
            "avg": {
                "precision": 0.6045591904884805,
                "recall": 0.7893660390576692,
                "f1-score": 0.6265152030865405,
                "support": 108178.0
            },
            "weighted": {
                "precision": 0.8069022725095852,
                "recall": 0.7621142931095047,
                "f1-score": 0.7648282954548885,
                "support": 108178.0
            }
        }
    },
    "29-10": {
        "tilt_switch": {
            "accuracy": 0.8624102944815639,
            "avg": {
                "precision": 0.5603173999181834,
                "recall": 0.5419928942658127,
                "f1-score": 0.5506757168372859,
                "support": 8082.0
            },
            "weighted": {
                "precision": 0.871484091804325,
                "recall": 0.8624102944815639,
                "f1-score": 0.8665691209435836,
                "support": 8082.0
            }
        }
    },
    "11-01": {
        "tilt_switch": {
            "accuracy": null,
            "avg": {
                "precision": 0.11187214611872147,
                "recall": 0.15755627009646303,
                "f1-score": 0.1308411214953271,
                "support": 2421.0
            },
            "weighted": {
                "precision": 0.043113057550089685,
                "recall": 0.06071871127633209,
                "f1-score": 0.05042328226152011,
                "support": 2421.0
            }
        }
    },
    "18-01": {
        "tilt_switch": {
            "accuracy": null,
            "avg": {
                "precision": 0.04437941965374299,
                "recall": 0.2745098039215686,
                "f1-score": 0.0764063811922754,
                "support": 3550.0
            },
            "weighted": {
                "precision": 0.008288325417022986,
                "recall": 0.05126760563380282,
                "f1-score": 0.014269698797317912,
                "support": 3550.0
            }
        }
    }
}