{
    "02-12": {
        "compare(change)": {
            "or": {
                "intersect": 2,
                "mse": 0.5591190389515835,
                "jaccard": 1.0,
                "cosine": 0.6452472715191572
            },
            "xor": {
                "intersect": 2,
                "mse": 0.5595376774663269,
                "jaccard": 1.0,
                "cosine": 0.6463314700261076
            },
            "and": {
                "intersect": 2,
                "mse": 0.5577903167091373,
                "jaccard": 1.0,
                "cosine": 0.6636119081213797
            },
            "xnor": {
                "intersect": 2,
                "mse": 0.5595376774663269,
                "jaccard": 1.0,
                "cosine": 0.6463314700261076
            }
        },
        "change(compare)": {
            "or": {
                "intersect": 2,
                "mse": 0.2908991627229705,
                "jaccard": 1.0,
                "cosine": 0.6416519788037566
            },
            "xor": {
                "intersect": 2,
                "mse": 0.5595376774663269,
                "jaccard": 1.0,
                "cosine": 0.6463314700261076
            },
            "and": {
                "intersect": 2,
                "mse": 0.28534765198398254,
                "jaccard": 1.0,
                "cosine": 0.6516242502740139
            },
            "xnor": {
                "intersect": 2,
                "mse": 0.5595376774663269,
                "jaccard": 1.0,
                "cosine": 0.6463314700261076
            }
        },
        "best": {
            "intersect": {
                "score": 2,
                "setup": {
                    "config": "compare(change)",
                    "op": "or"
                }
            },
            "mse": {
                "score": 2,
                "setup": {
                    "config": "compare(change)",
                    "op": "or"
                }
            },
            "jaccard": {
                "score": 2,
                "setup": {
                    "config": "compare(change)",
                    "op": "or"
                }
            },
            "cosine": {
                "score": 2,
                "setup": {
                    "config": "compare(change)",
                    "op": "or"
                }
            }
        }
    },
    "04-11": {
        "compare(change)": {
            "or": {
                "intersect": 2,
                "mse": 0.6460621045742128,
                "jaccard": 1.0,
                "cosine": 0.5177978815515232
            },
            "xor": {
                "intersect": 2,
                "mse": 0.6652607083121228,
                "jaccard": 1.0,
                "cosine": 0.5124073890783548
            },
            "and": {
                "intersect": 2,
                "mse": 0.6717329648752818,
                "jaccard": 1.0,
                "cosine": 0.5611277334873758
            },
            "xnor": {
                "intersect": 2,
                "mse": 0.6652607083121228,
                "jaccard": 1.0,
                "cosine": 0.5124073890783548
            }
        },
        "change(compare)": {
            "or": {
                "intersect": 2,
                "mse": 0.2961966402443459,
                "jaccard": 1.0,
                "cosine": 0.3664392268747782
            },
            "xor": {
                "intersect": 2,
                "mse": 0.6652607083121228,
                "jaccard": 1.0,
                "cosine": 0.5124073890783548
            },
            "and": {
                "intersect": 2,
                "mse": 0.2814340775216348,
                "jaccard": 1.0,
                "cosine": 0.44871459154269944
            },
            "xnor": {
                "intersect": 2,
                "mse": 0.6652607083121228,
                "jaccard": 1.0,
                "cosine": 0.5124073890783548
            }
        },
        "best": {
            "intersect": {
                "score": 2,
                "setup": {
                    "config": "compare(change)",
                    "op": "or"
                }
            },
            "mse": {
                "score": 2,
                "setup": {
                    "config": "compare(change)",
                    "op": "or"
                }
            },
            "jaccard": {
                "score": 2,
                "setup": {
                    "config": "compare(change)",
                    "op": "or"
                }
            },
            "cosine": {
                "score": 2,
                "setup": {
                    "config": "compare(change)",
                    "op": "or"
                }
            }
        }
    },
    "07-10": {
        "compare(change)": {
            "or": {
                "intersect": 2,
                "mse": 0.16093400447427292,
                "jaccard": 1.0,
                "cosine": 0.913723348525477
            },
            "xor": {
                "intersect": 2,
                "mse": 0.16177293064876958,
                "jaccard": 1.0,
                "cosine": 0.9133905579853611
            },
            "and": {
                "intersect": 2,
                "mse": 0.16617729306487697,
                "jaccard": 1.0,
                "cosine": 0.9129924534784788
            },
            "xnor": {
                "intersect": 2,
                "mse": 0.16177293064876958,
                "jaccard": 1.0,
                "cosine": 0.9133905579853611
            }
        },
        "change(compare)": {
            "or": {
                "intersect": 2,
                "mse": 0.2398629753914989,
                "jaccard": 1.0,
                "cosine": 0.8500037825863658
            },
            "xor": {
                "intersect": 2,
                "mse": 0.16177293064876958,
                "jaccard": 1.0,
                "cosine": 0.9133905579853611
            },
            "and": {
                "intersect": 2,
                "mse": 0.2490212527964206,
                "jaccard": 1.0,
                "cosine": 0.8452428953915899
            },
            "xnor": {
                "intersect": 2,
                "mse": 0.16177293064876958,
                "jaccard": 1.0,
                "cosine": 0.9133905579853611
            }
        },
        "best": {
            "intersect": {
                "score": 2,
                "setup": {
                    "config": "compare(change)",
                    "op": "or"
                }
            },
            "mse": {
                "score": 2,
                "setup": {
                    "config": "compare(change)",
                    "op": "or"
                }
            },
            "jaccard": {
                "score": 2,
                "setup": {
                    "config": "compare(change)",
                    "op": "or"
                }
            },
            "cosine": {
                "score": 2,
                "setup": {
                    "config": "compare(change)",
                    "op": "or"
                }
            }
        }
    },
    "08-10": {
        "compare(change)": {
            "or": {
                "intersect": 2,
                "mse": 0.449658286551135,
                "jaccard": 1.0,
                "cosine": 0.7324503304535196
            },
            "xor": {
                "intersect": 2,
                "mse": 0.45069563094947523,
                "jaccard": 1.0,
                "cosine": 0.7326689919259514
            },
            "and": {
                "intersect": 2,
                "mse": 0.4574688796680498,
                "jaccard": 1.0,
                "cosine": 0.7356268848595017
            },
            "xnor": {
                "intersect": 2,
                "mse": 0.45069563094947523,
                "jaccard": 1.0,