{
    "accelerometer": {
        "accuracy": 0.7918666432203832,
        "precision": 0.9528076468296351,
        "recall": 0.7116193229805052,
        "f1": 0.8019714287423181,
        "avg": 0.8145662604432105
    },
    "tilt_switch": {
        "accuracy": 0.8190733185267813,
        "precision": 0.8648389692445054,
        "recall": 0.8758332547369051,
        "f1": 0.8612118181327821,
        "avg": 0.8552393401602435
    },
    "mixed": {
        "accuracy": 0.810272746165597,
        "precision": 0.8507852420743394,
        "recall": 0.9331360425253747,
        "f1": 0.8692769273994234,
        "avg": 0.8658677395411838
    }
}