{
    "accelerometer": {
        "accuracy": 0.5969942358759951,
        "precision": 0.33202853947255756,
        "recall": 0.9960027797415051,
        "f1": 0.46877384494355184,
        "avg": 0.5984498500084025
    },
    "tilt_switch": {
        "accuracy": 0.4350644132317159,
        "precision": 0.2458569696524401,
        "recall": 0.994118744111693,
        "f1": 0.3732388032168883,
        "avg": 0.5120697325531843
    },
    "mixed": {
        "accuracy": 0.2301768539736088,
        "precision": 0.1933346666562941,
        "recall": 0.9963731383634297,
        "f1": 0.2869468526007352,
        "avg": 0.42670787789851694
    }
}